{
  "model_type": "DistilBERT",
  "task": "Gaming Console Sentiment Analysis",
  "num_classes": 3,
  "class_labels": {
    "0": "Negative",
    "1": "Neutral",
    "2": "Positive"
  },
  "training_phase": {
    "training_loss": 0.6624015834819035,
    "training_steps": 1785
  },
  "validation_phase": {
    "accuracy": 0.7041942604856513,
    "classification_report": {
      "0": {
        "precision": 0.6885553470919324,
        "recall": 0.8191964285714286,
        "f1-score": 0.7482161060142711,
        "support": 448.0
      },
      "1": {
        "precision": 0.5782312925170068,
        "recall": 0.41362530413625304,
        "f1-score": 0.48226950354609927,
        "support": 411.0
      },
      "2": {
        "precision": 0.7894736842105263,
        "recall": 0.84,
        "f1-score": 0.813953488372093,
        "support": 500.0
      },
      "accuracy": 0.7041942604856513,
      "macro avg": {
        "precision": 0.6854201079398218,
        "recall": 0.6909405775692271,
        "f1-score": 0.6814796993108212,
        "support": 1359.0
      },
      "weighted avg": {
        "precision": 0.692319866686489,
        "recall": 0.7041942604856513,
        "f1-score": 0.6919722778792398,
        "support": 1359.0
      }
    },
    "confusion_matrix": [
      [
        367,
        61,
        20
      ],
      [
        149,
        170,
        92
      ],
      [
        17,
        63,
        420
      ]
    ]
  },
  "test_phase": {
    "accuracy": 0.7019867549668874,
    "classification_report": {
      "0": {
        "precision": 0.7026496565260059,
        "recall": 0.798216276477146,
        "f1-score": 0.7473903966597077,
        "support": 897.0
      },
      "1": {
        "precision": 0.5909849749582637,
        "recall": 0.43118148599269185,
        "f1-score": 0.49859154929577465,
        "support": 821.0
      },
      "2": {
        "precision": 0.7618181818181818,
        "recall": 0.838,
        "f1-score": 0.7980952380952381,
        "support": 1000.0
      },
      "accuracy": 0.7019867549668874,
      "macro avg": {
        "precision": 0.6851509377674838,
        "recall": 0.6891325874899459,
        "f1-score": 0.6813590613502402,
        "support": 2718.0
      },
      "weighted avg": {
        "precision": 0.6906893260348579,
        "recall": 0.7019867549668874,
        "f1-score": 0.6908933354933138,
        "support": 2718.0
      }
    },
    "confusion_matrix": [
      [
        716,
        123,
        58
      ],
      [
        263,
        354,
        204
      ],
      [
        40,
        122,
        838
      ]
    ]
  },
  "cross_validation": {
    "folds": 5,
    "accuracy_mean": 0.7072208531950603,
    "accuracy_std": 0.012936111235851696,
    "f1_mean": 0.6988221241005891,
    "f1_std": 0.012668791055762225,
    "fold_accuracies": [
      0.6946284032376747,
      0.7100809418690214,
      0.6930437983069562,
      0.728744939271255,
      0.7096061832903938
    ],
    "fold_f1_scores": [
      0.6896426903361638,
      0.699046019245802,
      0.6833002012049553,
      0.7204862474046888,
      0.7016354623113354
    ]
  }
}